data,precision,recall,f1-score,support,specificity
LLE,0.7310606060606061,0.7142857142857142,0.6812944505967762,14.8,0.43815789473684214
TD,0.5011965811965812,0.6381578947368421,0.4109264528574873,9.0,0.43815789473684214
accuracy,0.6334391534391534,0.6334391534391534,0.6334391534391534,0.6334391534391534,0.43815789473684214
macro avg,0.6161285936285936,0.6762218045112782,0.5461104517271317,23.8,0.43815789473684214
weighted avg,0.7708605283605283,0.6334391534391534,0.6494735365676825,23.8,0.43815789473684214
