data,precision,recall,f1-score,support,specificity
LLE,0.699401913875598,0.6231601731601731,0.6207168458781362,14.8,0.4072368421052632
TD,0.41224747474747475,0.6072368421052632,0.3745454545454545,9.0,0.4072368421052632
accuracy,0.5471957671957672,0.5471957671957672,0.5471957671957672,0.5471957671957672,0.4072368421052632
macro avg,0.5558246943115364,0.6151985076327182,0.4976311502117953,23.8,0.4072368421052632
weighted avg,0.7129915698336751,0.5471957671957672,0.5871852162174742,23.8,0.4072368421052632
