data,precision,recall,f1-score,support,specificity
LLE,0.7260952380952381,0.7047619047619047,0.6724867724867725,14.8,0.4276315789473684
TD,0.48119658119658115,0.6276315789473684,0.38916887709991155,9.0,0.4276315789473684
accuracy,0.6193650793650793,0.6193650793650793,0.6193650793650793,0.6193650793650793,0.4276315789473684
macro avg,0.6036459096459097,0.6661967418546366,0.530827824793342,23.8,0.4276315789473684
weighted avg,0.7640615384615385,0.6193650793650793,0.6340163221197704,23.8,0.4276315789473684
