data,precision,recall,f1-score,support,specificity
LLE,0.6701587301587301,0.5885714285714286,0.4748879233731609,14.8,0.2
TD,0.45,0.4,0.27999999999999997,9.0,0.2
accuracy,0.3571428571428571,0.3571428571428571,0.3571428571428571,0.3571428571428571,0.2
macro avg,0.5600793650793652,0.49428571428571433,0.3774439616865804,23.8,0.2
weighted avg,0.7506077097505669,0.3571428571428571,0.37208335096653455,23.8,0.2
