data,precision,recall,f1-score,support,specificity
LLE,0.7230877192982457,0.6523809523809524,0.6265079365079365,14.8,0.4026315789473684
TD,0.43499999999999994,0.6026315789473684,0.34487179487179487,9.0,0.4026315789473684
accuracy,0.5531216931216931,0.5531216931216931,0.5531216931216931,0.5531216931216931,0.4026315789473684
macro avg,0.5790438596491227,0.6275062656641603,0.4856898656898657,23.8,0.4026315789473684
weighted avg,0.7465941520467836,0.5531216931216931,0.5748209198209199,23.8,0.4026315789473684
