data,precision,recall,f1-score,support,specificity
LLE,0.6405860805860806,0.77,0.6060404774260508,14.8,0.03333333333333333
TD,0.6,0.2333333333333333,0.2571428571428571,9.0,0.03333333333333333
accuracy,0.45772486772486765,0.45772486772486765,0.45772486772486765,0.45772486772486765,0.03333333333333333
macro avg,0.6202930402930403,0.5016666666666667,0.431591667284454,23.8,0.03333333333333333
weighted avg,0.7603757195185766,0.45772486772486765,0.46534081267864347,23.8,0.03333333333333333
