data,precision,recall,f1-score,support,specificity
LLE,0.6537037037037037,0.6228571428571429,0.5531161236424393,14.8,0.22324561403508772
TD,0.3555555555555555,0.42324561403508765,0.37787878787878787,9.0,0.22324561403508772
accuracy,0.42677248677248675,0.42677248677248675,0.42677248677248675,0.42677248677248675,0.22324561403508772
macro avg,0.5046296296296295,0.5230513784461153,0.46549745576061363,23.8,0.22324561403508772
weighted avg,0.6793827160493826,0.42677248677248675,0.49557580820738717,23.8,0.22324561403508772
