data,precision,recall,f1-score,support,specificity
LLE,0.6114161220043572,0.5957142857142858,0.5384234021036287,14.8,0.1482456140350877
TD,0.32987012987012987,0.3482456140350877,0.37534317534317535,9.0,0.1482456140350877
accuracy,0.4223809523809524,0.4223809523809524,0.4223809523809524,0.4223809523809524,0.1482456140350877
macro avg,0.47064312593724356,0.4719799498746867,0.456883288723402,23.8,0.1482456140350877
weighted avg,0.6398196719765348,0.4223809523809524,0.5001436261477871,23.8,0.1482456140350877
