data,precision,recall,f1-score,support,specificity
LLE,0.6614814814814814,0.5487088274044796,0.4760870944879474,31.0,0.37394405594405594
TD,0.4798076923076923,0.5739440559440558,0.33654607486300087,19.2,0.37394405594405594
accuracy,0.4228409072329217,0.4228409072329217,0.4228409072329217,0.4228409072329217,0.37394405594405594
macro avg,0.5706445868945869,0.5613264416742678,0.40631658467547405,50.2,0.37394405594405594
weighted avg,0.7249579035120475,0.4228409072329217,0.4200109099644795,50.2,0.37394405594405594
