data,precision,recall,f1-score,support,specificity
LLE,0.6837537537537537,0.6773558325732238,0.6400212935439373,31.0,0.43867132867132863
TD,0.49521008403361344,0.6386713286713286,0.4457302625858621,19.2,0.43867132867132863
accuracy,0.5932645729378943,0.5932645729378943,0.5932645729378943,0.5932645729378943,0.43867132867132863
macro avg,0.5894819188936836,0.6580135806222762,0.5428757780648997,50.2,0.43867132867132863
weighted avg,0.735424957399976,0.5932645729378943,0.6307972588862558,50.2,0.43867132867132863
