data,precision,recall,f1-score,support,specificity
LLE,0.6934872228989877,0.6297800749974664,0.6108206388206388,31.0,0.4631548451548452
TD,0.48166666666666663,0.6631548451548451,0.44679974561899377,19.2,0.4631548451548452
accuracy,0.570199815390378,0.570199815390378,0.570199815390378,0.570199815390378,0.4631548451548452
macro avg,0.5875769447828272,0.6464674600761556,0.5288101922198163,50.2,0.4631548451548452
weighted avg,0.7351477044350962,0.570199815390378,0.6092276271094217,50.2,0.4631548451548452
