data,precision,recall,f1-score,support,specificity
LLE,0.5653257080646852,0.6464730921252662,0.5379559553349876,31.0,0.1271948051948052
TD,0.27166666666666667,0.3271948051948052,0.35407925407925406,19.2,0.1271948051948052
accuracy,0.4210619958351356,0.4210619958351356,0.4210619958351356,0.4210619958351356,0.1271948051948052
macro avg,0.4184961873656759,0.4868339486600356,0.4460176047071208,50.2,0.1271948051948052
weighted avg,0.5773775713671978,0.4210619958351356,0.5069503385773291,50.2,0.1271948051948052
