data,precision,recall,f1-score,support,specificity
LLE,0.7434315948601663,0.7793675889328063,0.6726950172556402,31.0,0.43236363636363634
TD,0.6209116809116809,0.6323636363636363,0.4345209176788124,19.2,0.43236363636363634
accuracy,0.6380209610699629,0.6380209610699629,0.6380209610699629,0.6380209610699629,0.43236363636363634
macro avg,0.6821716378859236,0.7058656126482213,0.5536079674672263,50.2,0.43236363636363634
weighted avg,0.8311948756162739,0.6380209610699629,0.6376205752547887,50.2,0.43236363636363634
