data,precision,recall,f1-score,support,specificity
LLE,0.7167584671276221,0.663372859025033,0.6154382799429129,31.0,0.4381818181818182
TD,0.5130434782608695,0.6381818181818182,0.38686868686868686,19.2,0.4381818181818182
accuracy,0.5523120051250723,0.5523120051250723,0.5523120051250723,0.5523120051250723,0.4381818181818182
macro avg,0.6149009726942458,0.6507773386034256,0.5011534834057999,50.2,0.4381818181818182
weighted avg,0.7718991956281455,0.5523120051250723,0.5660672968935145,50.2,0.4381818181818182
