data,precision,recall,f1-score,support,specificity
LLE,0.7479166666666667,0.7126086956521739,0.6218154190784269,31.0,0.46890909090909094
TD,0.5652991452991454,0.6689090909090909,0.43608408737324034,19.2,0.46890909090909094
accuracy,0.6206028500039389,0.6206028500039389,0.6206028500039389,0.6206028500039389,0.46890909090909094
macro avg,0.656607905982906,0.6907588932806324,0.5289497532258336,50.2,0.46890909090909094
weighted avg,0.8090345945189412,0.6206028500039389,0.6123553115192737,50.2,0.46890909090909094
