data,precision,recall,f1-score,support,specificity
LLE,0.6085986464933832,0.9545454545454545,0.7017729588206836,31.0,0.01709090909090909
TD,0.8,0.21709090909090908,0.03277591973244146,19.2,0.01709090909090909
accuracy,0.5699548583396133,0.5699548583396133,0.5699548583396133,0.5699548583396133,0.01709090909090909
macro avg,0.7042993232466916,0.5858181818181818,0.3672744392765625,50.2,0.01709090909090909
weighted avg,0.8224627126531638,0.5699548583396133,0.4821002384577615,50.2,0.01709090909090909
