data,precision,recall,f1-score,support,specificity
LLE,0.6690962700869821,0.6566575453531975,0.6114142217083394,31.0,0.40889510489510494
TD,0.49001716247139593,0.6088951048951049,0.42629720853858794,19.2,0.40889510489510494
accuracy,0.5550358145639451,0.5550358145639451,0.5550358145639451,0.5550358145639451,0.40889510489510494
macro avg,0.579556716279189,0.6327763251241512,0.5188557151234636,50.2,0.40889510489510494
weighted avg,0.725115209960294,0.5550358145639451,0.5948831171391756,50.2,0.40889510489510494
