data,precision,recall,f1-score,support,specificity
LLE,0.6564327485380117,0.62782101956015,0.5898845988563399,31.0,0.3963496503496503
TD,0.47248272195640617,0.5963496503496504,0.4118498817966903,19.2,0.3963496503496503
accuracy,0.5337591840314163,0.5337591840314163,0.5337591840314163,0.5337591840314163,0.3963496503496503
macro avg,0.5644577352472089,0.6120853349549001,0.5008672403265151,50.2,0.3963496503496503
weighted avg,0.7085743113792594,0.5337591840314163,0.5741344337004407,50.2,0.3963496503496503
