data,precision,recall,f1-score,support,specificity
LLE,0.6729205753595997,0.4977591036414566,0.47433045263968515,22.8,0.3668831168831169
TD,0.38636363636363635,0.5668831168831169,0.3024350649350649,11.6,0.3668831168831169
accuracy,0.4085982905982906,0.4085982905982906,0.4085982905982906,0.4085982905982906,0.3668831168831169
macro avg,0.529642105861618,0.5323211102622867,0.388382758787375,34.4,0.3668831168831169
weighted avg,0.6633620179278716,0.4085982905982906,0.41145798411204415,34.4,0.3668831168831169
