data,precision,recall,f1-score,support,specificity
LLE,0.7305780933062881,0.6157048748353097,0.5692488234140602,31.0,0.4552727272727273
TD,0.5220371352785146,0.6552727272727272,0.40706432748538013,19.2,0.4552727272727273
accuracy,0.5144737213702731,0.5144737213702731,0.5144737213702731,0.5144737213702731,0.4552727272727273
macro avg,0.6263076142924013,0.6354888010540185,0.4881565754497202,50.2,0.4552727272727273
weighted avg,0.783046821950578,0.5144737213702731,0.5324313568827435,50.2,0.4552727272727273
