data,precision,recall,f1-score,support,specificity
LLE,0.7305780933062881,0.6287351778656126,0.5824718266796827,31.0,0.4552727272727273
TD,0.5263704686118479,0.6552727272727272,0.4107627627627628,19.2,0.4552727272727273
accuracy,0.5235646304611822,0.5235646304611822,0.5235646304611822,0.5235646304611822,0.4552727272727273
macro avg,0.628474280959068,0.6420039525691699,0.49661729472122274,50.2,0.4552727272727273
weighted avg,0.7847538926576487,0.5235646304611822,0.5432301432050926,50.2,0.4552727272727273
