data,precision,recall,f1-score,support,specificity
LLE,0.6750648666104923,0.6521607378129117,0.5867836642365123,31.0,0.37541258741258743
TD,0.5016666666666667,0.5754125874125874,0.3564625850340136,19.2,0.37541258741258743
accuracy,0.506021514006995,0.506021514006995,0.506021514006995,0.506021514006995,0.37541258741258743
macro avg,0.5883657666385794,0.6137866626127495,0.47162312463526296,50.2,0.37541258741258743
weighted avg,0.7422446872914341,0.506021514006995,0.5241281677958098,50.2,0.37541258741258743
