data,precision,recall,f1-score,support,specificity
LLE,0.658961038961039,0.5360601750075433,0.5893297257049922,22.8,0.5309024309024309
TD,0.3749084249084249,0.5309024309024309,0.42789744020947024,11.6,0.5309024309024309
accuracy,0.5777800550958503,0.5777800550958503,0.5777800550958503,0.5777800550958503,0.5309024309024309
macro avg,0.5169347319347319,0.5334813029549872,0.5086135829572312,34.4,0.5309024309024309
weighted avg,0.6275504884337579,0.5777800550958503,0.592475718864912,34.4,0.5309024309024309
