data,precision,recall,f1-score,support,specificity
LLE,0.7538306654585725,0.5436077225550909,0.5352007469654528,22.8,0.6406926406926406
TD,0.48569479965899404,0.6406926406926406,0.4534157509157509,11.6,0.6406926406926406
accuracy,0.559803615278265,0.559803615278265,0.559803615278265,0.559803615278265,0.6406926406926406
macro avg,0.6197627325587832,0.5921501816238658,0.4943082489406018,34.4,0.6406926406926406
weighted avg,0.7376205163513909,0.559803615278265,0.5272756672471617,34.4,0.6406926406926406
