data,precision,recall,f1-score,support,specificity
LLE,0.670843023255814,0.5912457912457912,0.5186846603047999,22.8,0.36883116883116884
TD,0.6033418584825234,0.36883116883116884,0.2180371352785145,11.6,0.36883116883116884
accuracy,0.5027258981449,0.5027258981449,0.5027258981449,0.5027258981449,0.36883116883116884
macro avg,0.6370924408691686,0.48003848003848004,0.36836089779165715,34.4,0.36883116883116884
weighted avg,0.6867885737124012,0.5027258981449,0.43640463716629363,34.4,0.36883116883116884
