data,precision,recall,f1-score,support,specificity
LLE,0.6507789987789987,0.9127705627705627,0.731163939859592,14.8,0.023026315789473683
TD,0.3,0.22302631578947368,0.44257703081232497,9.0,0.023026315789473683
accuracy,0.6055026455026455,0.6055026455026455,0.6055026455026455,0.6055026455026455,0.023026315789473683
macro avg,0.47538949938949937,0.5678984392800183,0.5868704853359585,23.8,0.023026315789473683
weighted avg,0.659028083028083,0.6055026455026455,0.6415377036348904,23.8,0.023026315789473683
