data,precision,recall,f1-score,support,specificity
LLE,0.6666193260930103,0.7645191040843214,0.6590033827738745,31.0,0.3443076923076923
TD,0.535010395010395,0.5443076923076923,0.3315550041356493,19.2,0.3443076923076923
accuracy,0.593649845192495,0.593649845192495,0.593649845192495,0.593649845192495,0.3443076923076923
macro avg,0.6008148605517027,0.654413398196007,0.4952791934547619,50.2,0.3443076923076923
weighted avg,0.750554940628491,0.593649845192495,0.5753589078098047,50.2,0.3443076923076923
