data,precision,recall,f1-score,support,specificity
LLE,0.6784126090627638,0.7223978919631093,0.5971185114337884,31.0,0.27375824175824176
TD,0.5376623376623376,0.4737582417582418,0.2633333333333333,19.2,0.27375824175824176
accuracy,0.49258514412779386,0.49258514412779386,0.49258514412779386,0.49258514412779386,0.27375824175824176
macro avg,0.6080374733625508,0.5980780668606756,0.43022592238356083,50.2,0.27375824175824176
weighted avg,0.760281539519759,0.49258514412779386,0.47466071831908635,50.2,0.27375824175824176
