data,precision,recall,f1-score,support,specificity
0,0.34818181818181815,0.5127777777777778,0.4074967984223882,9.0,0.5127777777777778
1,0.6208391608391609,0.4385714285714286,0.49731216931216926,14.8,0.5127777777777778
accuracy,0.4640803689064558,0.4640803689064558,0.4640803689064558,0.4640803689064558,0.5127777777777778
macro avg,0.48451048951048953,0.47567460317460314,0.45240448386727883,23.8,0.5127777777777778
weighted avg,0.5197437224172402,0.4640803689064558,0.46289951892487463,23.8,0.5127777777777778
