data,precision,recall,f1-score,support,specificity
LLE,0.5714285714285714,0.370952380952381,0.6014379823075475,14.8,0.3701754385964912
TD,0.2698717948717949,0.5701754385964912,0.505140758873929,9.0,0.3701754385964912
accuracy,0.4351851851851851,0.4351851851851851,0.4351851851851851,0.4351851851851851,0.3701754385964912
macro avg,0.4206501831501831,0.4705639097744361,0.5532893705907382,23.8,0.3701754385964912
weighted avg,0.596572039072039,0.4351851851851851,0.5742297573759443,23.8,0.3701754385964912
