data,precision,recall,f1-score,support,specificity
LLE,0.6357239057239057,0.7611330698287221,0.6493936408419166,31.0,0.2879080919080919
TD,0.4803174603174603,0.4879080919080919,0.3286836819094884,19.2,0.2879080919080919
accuracy,0.5776823020017212,0.5776823020017212,0.5776823020017212,0.5776823020017212,0.2879080919080919
macro avg,0.558020683020683,0.6245205808684069,0.4890386613757025,50.2,0.2879080919080919
weighted avg,0.7094843400923255,0.5776823020017212,0.5895596000046559,50.2,0.2879080919080919
