data,precision,recall,f1-score,support,specificity
LLE,0.7309304029304029,0.7791880341880342,0.7288776264386021,16.6,0.622796992481203
TD,0.7714135140222097,0.622796992481203,0.6541249465126231,16.8,0.622796992481203
accuracy,0.7191789822867715,0.7191789822867715,0.7191789822867715,0.7191789822867715,0.622796992481203
macro avg,0.7511719584763064,0.7009925133346186,0.6915012864756125,33.4,0.622796992481203
weighted avg,0.7625923314808694,0.7191789822867715,0.7075938769205571,33.4,0.622796992481203
