data,precision,recall,f1-score,support,specificity
LLE,0.7205827067669173,0.4608597285067873,0.423982683982684,22.8,0.5077922077922078
TD,0.497737556561086,0.7077922077922078,0.43285509325681487,11.6,0.5077922077922078
accuracy,0.46153846153846156,0.46153846153846156,0.46153846153846156,0.46153846153846156,0.5077922077922078
macro avg,0.6091601316640016,0.5843259681494976,0.4284188886197494,34.4,0.5077922077922078
weighted avg,0.7408784862434541,0.46153846153846156,0.448319769661233,34.4,0.5077922077922078
