data,precision,recall,f1-score,support,specificity
LLE,0.622979797979798,0.4361164978812037,0.40321704137449094,22.8,0.32727272727272727
TD,0.3368580765639589,0.5272727272727272,0.28872830725462306,11.6,0.32727272727272727
accuracy,0.355957264957265,0.355957264957265,0.355957264957265,0.355957264957265,0.32727272727272727
macro avg,0.4799189372718784,0.4816946125769655,0.34597267431455697,34.4,0.32727272727272727
weighted avg,0.6085718977826822,0.355957264957265,0.34921159484313946,34.4,0.32727272727272727
