data,precision,recall,f1-score,support,specificity
LLE,0.6903846153846154,0.6134489693313222,0.5650753843857291,22.8,0.41753246753246753
TD,0.5143939393939394,0.6175324675324675,0.3610457516339869,11.6,0.41753246753246753
accuracy,0.5392564102564102,0.5392564102564102,0.5392564102564102,0.5392564102564102,0.41753246753246753
macro avg,0.6023892773892774,0.615490718431895,0.463060568009858,34.4,0.41753246753246753
weighted avg,0.7332066822066822,0.5392564102564102,0.532092068790649,34.4,0.41753246753246753
