data,precision,recall,f1-score,support,specificity
LLE,0.66504329004329,0.3929792429792429,0.32261265936805883,22.8,0.3487012987012987
TD,0.37471428571428567,0.5487012987012987,0.2527320059679991,11.6,0.3487012987012987
accuracy,0.31629914529914527,0.31629914529914527,0.31629914529914527,0.31629914529914527,0.3487012987012987
macro avg,0.5198787878787879,0.47084027084027086,0.287672332668029,34.4,0.3487012987012987
weighted avg,0.6640688293188293,0.31629914529914527,0.27006211859505064,34.4,0.3487012987012987
