data,precision,recall,f1-score,support,specificity
LLE,0.5189636752136753,0.6808982683982684,0.521155336911151,16.6,0.21717755928282245
TD,0.5618729096989966,0.4171775592828224,0.2738826655335194,16.8,0.21717755928282245
accuracy,0.45007549361207894,0.45007549361207894,0.45007549361207894,0.45007549361207894,0.21717755928282245
macro avg,0.540418292456336,0.5490379138405455,0.3975190012223352,33.4,0.21717755928282245
weighted avg,0.6855424699313882,0.45007549361207894,0.4584994813916669,33.4,0.21717755928282245
