data,precision,recall,f1-score,support,specificity
LLE,0.6116576479076479,0.9778787878787879,0.7206212445205438,31.0,0.03937662337662338
TD,0.6,0.23937662337662338,0.27368760064412234,19.2,0.03937662337662338
accuracy,0.606081266879815,0.606081266879815,0.606081266879815,0.606081266879815,0.03937662337662338
macro avg,0.6058288239538239,0.6086277056277056,0.49715442258233306,50.2,0.03937662337662338
weighted avg,0.7455058129876642,0.606081266879815,0.5961597026000117,50.2,0.03937662337662338
