data,precision,recall,f1-score,support,specificity
LLE,0.7677489177489177,0.696824769433465,0.660808220754903,31.0,0.5489370629370629
TD,0.5886315789473684,0.748937062937063,0.5219250398724082,19.2,0.5489370629370629
accuracy,0.6150892354159142,0.6150892354159142,0.6150892354159142,0.6150892354159142,0.5489370629370629
macro avg,0.678190248348143,0.722880916185264,0.5913666303136557,50.2,0.5489370629370629
weighted avg,0.8294811734920629,0.6150892354159142,0.6501454170022561,50.2,0.5489370629370629
