data,precision,recall,f1-score,support,specificity
LLE,0.6492436974789916,0.7216073781291172,0.627382986545107,31.0,0.3151808191808192
TD,0.48888888888888893,0.5151808191808191,0.3423140223831468,19.2,0.3151808191808192
accuracy,0.5590105697183737,0.5590105697183737,0.5590105697183737,0.5590105697183737,0.3151808191808192
macro avg,0.5690662931839403,0.6183940986549683,0.48484850446412686,50.2,0.3151808191808192
weighted avg,0.7147875390194168,0.5590105697183737,0.5757105023445853,50.2,0.3151808191808192
