data,precision,recall,f1-score,support,specificity
LLE,0.7123076923076923,0.6242857142857143,0.626909090909091,14.8,0.44671052631578945
TD,0.43666666666666665,0.6467105263157895,0.39362190975094197,9.0,0.44671052631578945
accuracy,0.5749206349206349,0.5749206349206349,0.5749206349206349,0.5749206349206349,0.44671052631578945
macro avg,0.5744871794871795,0.6354981203007519,0.5102655003300164,23.8,0.44671052631578945
weighted avg,0.7403540903540904,0.5749206349206349,0.6101113000897948,23.8,0.44671052631578945
