data,precision,recall,f1-score,support,specificity
LLE,0.6964646464646465,0.6420299145299145,0.6559259259259258,16.6,0.7184745196324144
TD,0.6578637770897833,0.7184745196324144,0.6740669856459329,16.8,0.7184745196324144
accuracy,0.6748027627492615,0.6748027627492615,0.6748027627492615,0.6748027627492615,0.7184745196324144
macro avg,0.6771642117772149,0.6802522170811645,0.6649964557859295,33.4,0.7184745196324144
weighted avg,0.7026636093756032,0.6748027627492615,0.6756935594135202,33.4,0.7184745196324144
