data,precision,recall,f1-score,support,specificity
LLE,0.5325822583213887,0.7900641025641025,0.635545166188121,16.6,0.2749039264828738
TD,0.679047619047619,0.2749039264828738,0.3488479262672811,16.8,0.2749039264828738
accuracy,0.5651741097059744,0.5651741097059744,0.5651741097059744,0.5651741097059744,0.2749039264828738
macro avg,0.6058149386845039,0.5324840145234881,0.49219654622770104,33.4,0.2749039264828738
weighted avg,0.6040469898241008,0.5651741097059744,0.5279038655487501,33.4,0.2749039264828738
