data,precision,recall,f1-score,support,specificity
LLE,0.7359912854030501,0.7525641025641026,0.6778318135764944,16.6,0.5999239766081871
TD,0.8226923076923077,0.5999239766081871,0.5986224233283057,16.8,0.5999239766081871
accuracy,0.6937820826333808,0.6937820826333808,0.6937820826333808,0.6937820826333808,0.5999239766081871
macro avg,0.7793417965476789,0.6762440395861449,0.6382271184524001,33.4,0.5999239766081871
weighted avg,0.7845522662549552,0.6937820826333808,0.6608616020552932,33.4,0.5999239766081871
