data,precision,recall,f1-score,support,specificity
LLE,0.7941239316239316,0.7357905982905983,0.7488034188034188,16.6,0.8010350877192982
TD,0.7354076367389061,0.8010350877192982,0.7520743034055728,16.8,0.8010350877192982
accuracy,0.756086442742619,0.756086442742619,0.756086442742619,0.756086442742619,0.8010350877192982
macro avg,0.7647657841814188,0.7684128430049483,0.7504388611044959,33.4,0.8010350877192982
weighted avg,0.7892050121215901,0.756086442742619,0.7572304350487347,33.4,0.8010350877192982
