data,precision,recall,f1-score,support,specificity
LLE,0.5013813813813813,0.6642316017316017,0.4434607252776662,16.6,0.08421052631578947
TD,0.4695652173913043,0.28421052631578947,0.2761904761904762,16.8,0.08421052631578947
accuracy,0.3295993031358885,0.3295993031358885,0.3295993031358885,0.3295993031358885,0.08421052631578947
macro avg,0.4854732993863428,0.47422106402369557,0.35982560073407116,33.4,0.08421052631578947
weighted avg,0.6209689541078725,0.3295993031358885,0.3914331892140393,33.4,0.08421052631578947
