data,precision,recall,f1-score,support,specificity
LLE,0.7146031746031746,0.86,0.7134281842818428,14.8,0.2
TD,0.6888888888888889,0.4,0.12307692307692306,9.0,0.2
accuracy,0.6031746031746031,0.6031746031746031,0.6031746031746031,0.6031746031746031,0.2
macro avg,0.7017460317460318,0.63,0.4182525536793829,23.8,0.2
weighted avg,0.8382620307382211,0.6031746031746031,0.5350699842163257,23.8,0.2
