data,precision,recall,f1-score,support,specificity
LLE,0.7315873015873016,0.5749432686274791,0.6422410322845077,22.8,0.7313686313686314
TD,0.4883316430020284,0.7313686313686314,0.57900623885918,11.6,0.7313686313686314
accuracy,0.6566492746744805,0.6566492746744805,0.6566492746744805,0.6566492746744805,0.7313686313686314
macro avg,0.609959472294665,0.6531559499980553,0.6106236355718438,34.4,0.7313686313686314
weighted avg,0.6979640710252466,0.6566492746744805,0.6637185776931309,34.4,0.7313686313686314
