data,precision,recall,f1-score,support,specificity
LLE,0.7501587301587301,0.6122284006494534,0.6724340571708993,22.8,0.7079920079920079
TD,0.49083333333333334,0.707992007992008,0.570398656976497,11.6,0.7079920079920079
accuracy,0.6626441726336643,0.6626441726336643,0.6626441726336643,0.6626441726336643,0.7079920079920079
macro avg,0.6204960317460317,0.6601102043207306,0.6214163570736981,34.4,0.7079920079920079
weighted avg,0.7085576170643518,0.6626441726336643,0.6740321913220833,34.4,0.7079920079920079
