data,precision,recall,f1-score,support,specificity
LLE,0.6161616161616161,0.502943722943723,0.49222222222222217,14.8,0.2824561403508772
TD,0.3380952380952381,0.48245614035087725,0.4877777777777778,9.0,0.2824561403508772
accuracy,0.4591534391534392,0.4591534391534392,0.4591534391534392,0.4591534391534392,0.2824561403508772
macro avg,0.4771284271284271,0.4926999316473001,0.48999999999999994,23.8,0.2824561403508772
weighted avg,0.6526022126022125,0.4591534391534392,0.5414620811287477,23.8,0.2824561403508772
