data,precision,recall,f1-score,support,specificity
LLE,0.7477443609022556,0.7965800865800866,0.7217741935483871,14.8,0.3633771929824562
TD,0.6444444444444445,0.5633771929824561,0.35352380952380946,9.0,0.3633771929824562
accuracy,0.6413756613756614,0.6413756613756614,0.6413756613756614,0.6413756613756614,0.3633771929824562
macro avg,0.69609440267335,0.6799786397812714,0.5376490015360982,23.8,0.3633771929824562
weighted avg,0.8325253610216017,0.6413756613756614,0.6527102747909199,23.8,0.3633771929824562
