,data,precision,recall,f1-score,support
0,TD, 0.5 , 0.4117647058823529 , 0.45161290322580644 , 17.0 
1,LLE, 0.696969696969697 , 0.7666666666666667 , 0.7301587301587302 , 30.0 
2,accuracy, 0.6382978723404256 , 0.6382978723404256 , 0.6382978723404256 , 0.6382978723404256 
3,macro avg, 0.5984848484848485 , 0.5892156862745098 , 0.5908858166922684 , 47.0 
4,weighted avg, 0.625725338491296 , 0.6382978723404256 , 0.629408111906396 , 47.0 
