,data,precision,recall,f1-score,support
0,TD, 0.4090909090909091 , 0.9 , 0.5625000000000001 , 20.0 
1,LLE, 0.6 , 0.10344827586206896 , 0.17647058823529413 , 29.0 
2,accuracy, 0.42857142857142855 , 0.42857142857142855 , 0.42857142857142855 , 0.42857142857142855 
3,macro avg, 0.5045454545454545 , 0.5017241379310345 , 0.36948529411764713 , 49.0 
4,weighted avg, 0.522077922077922 , 0.42857142857142855 , 0.33403361344537824 , 49.0 
