,data,precision,recall,f1-score,support
0,TD, 0.325 , 0.6190476190476191 , 0.42622950819672134 , 21.0 
1,LLE, 0.3333333333333333 , 0.12903225806451613 , 0.18604651162790697 , 31.0 
2,accuracy, 0.3269230769230769 , 0.3269230769230769 , 0.3269230769230769 , 0.3269230769230769 
3,macro avg, 0.32916666666666666 , 0.3740399385560676 , 0.30613800991231416 , 52.0 
4,weighted avg, 0.32996794871794866 , 0.3269230769230769 , 0.28304349101146664 , 52.0 
