,data,precision,recall,f1-score,support
0,TD, 0.5 , 0.8095238095238095 , 0.6181818181818182 , 21.0 
1,LLE, 0.75 , 0.41379310344827586 , 0.5333333333333333 , 29.0 
2,accuracy, 0.58 , 0.58 , 0.58 , 0.58 
3,macro avg, 0.625 , 0.6116584564860427 , 0.5757575757575757 , 50.0 
4,weighted avg, 0.645 , 0.58 , 0.5689696969696969 , 50.0 
