,data,precision,recall,f1-score,support
0,TD, 0.25806451612903225 , 0.47058823529411764 , 0.3333333333333333 , 17.0 
1,LLE, 0.5263157894736842 , 0.30303030303030304 , 0.38461538461538464 , 33.0 
2,accuracy, 0.36 , 0.36 , 0.36 , 0.36 
3,macro avg, 0.3921901528013582 , 0.38680926916221037 , 0.358974358974359 , 50.0 
4,weighted avg, 0.43511035653650254 , 0.36 , 0.3671794871794872 , 50.0 
