data,precision,recall,f1-score,support,specificity
LLE,0.6080070958178416,0.8452991452991453,0.6397598697598698,16.6,0.27924522536287244
TD,0.6709090909090909,0.4792452253628724,0.3405506679700228,16.8,0.27924522536287244
accuracy,0.552024651593617,0.552024651593617,0.552024651593617,0.552024651593617,0.27924522536287244
macro avg,0.6394580933634663,0.6622721853310088,0.4901552688649463,33.4,0.27924522536287244
weighted avg,0.8091023449062742,0.552024651593617,0.5521837190958745,33.4,0.27924522536287244
