data,precision,recall,f1-score,support,specificity
LLE,0.6954545454545454,0.4993080521908141,0.5680130936607897,31.0,0.7422390572390573
TD,0.4644025974025974,0.7422390572390573,0.5361616161616161,19.2,0.7422390572390573
accuracy,0.5828678649272737,0.5828678649272737,0.5828678649272737,0.5828678649272737,0.7422390572390573
macro avg,0.5799285714285715,0.6207735547149357,0.5520873549112029,50.2,0.7422390572390573
weighted avg,0.670893916471415,0.5828678649272737,0.5932935057106701,50.2,0.7422390572390573
