data,precision,recall,f1-score,support,specificity
LLE,0.8220004693688905,0.6341237673186093,0.7092857246390316,31.0,0.7846632996632996
TD,0.5379487829614604,0.7846632996632996,0.6144617182674234,19.2,0.7846632996632996
accuracy,0.6968979638694152,0.6968979638694152,0.6968979638694152,0.6968979638694152,0.7846632996632996
macro avg,0.6799746261651755,0.7093935334909545,0.6618737214532274,50.2,0.7846632996632996
weighted avg,0.755279590829935,0.6968979638694152,0.7073461337190057,50.2,0.7846632996632996
