category,precision,recall,f1-score,support,specificity,accuracy,model,token_size
0.0,0.8433897243107769,0.8121052631578948,0.8258444447918132,19.2,0.9010752688172043,0.8667755102040816,AdaBoostClassifier,50
1.0,0.8840742748712389,0.9010752688172043,0.8918784638108477,30.4,0.8121052631578948,0.8667755102040816,AdaBoostClassifier,50
macro avg,0.863731999591008,0.8565902659875494,0.8588614543013303,49.6,,0.8667755102040816,AdaBoostClassifier,50
weighted avg,0.8683187082497321,0.8667755102040816,0.8663888643460638,49.6,,0.8667755102040816,AdaBoostClassifier,50
