category,precision,recall,f1-score,support,specificity,accuracy,model,token_size
0.0,0.7873600668337511,0.803157894736842,0.7942645074224022,19.2,0.8623655913978496,0.8391020408163264,DecisionTreeClassifier,50
1.0,0.8742241379310347,0.8623655913978496,0.8678382585365709,30.4,0.803157894736842,0.8391020408163264,DecisionTreeClassifier,50
macro avg,0.8307921023823926,0.8327617430673457,0.8310513829794864,49.6,,0.8391020408163264,DecisionTreeClassifier,50
weighted avg,0.8408672843850183,0.8391020408163264,0.8393185299710556,49.6,,0.8391020408163264,DecisionTreeClassifier,50
