category,precision,recall,f1-score,support,specificity,accuracy,model,token_size
0.0,0.7968611746758201,0.6978947368421052,0.7357032341472569,19.2,0.8819354838709679,0.810530612244898,LogisticRegression,50
1.0,0.8275238288141514,0.8819354838709679,0.8509871459121815,30.4,0.6978947368421052,0.810530612244898,LogisticRegression,50
macro avg,0.8121925017449858,0.7899151103565365,0.7933451900297193,49.6,,0.810530612244898,LogisticRegression,50
weighted avg,0.8157534795852083,0.810530612244898,0.806338780369312,49.6,,0.810530612244898,LogisticRegression,50
