data,precision,recall,f1-score,support,specificity
LLE,0.6832136686219401,0.6561001317523056,0.574791657502655,31.0,0.3497062937062937
TD,0.5023529411764706,0.5497062937062938,0.32951251646903823,19.2,0.3497062937062937
accuracy,0.48343448216406476,0.48343448216406476,0.48343448216406476,0.48343448216406476,0.3497062937062937
macro avg,0.5927833048992053,0.6029032127292997,0.4521520869858466,50.2,0.3497062937062937
weighted avg,0.7479847405965824,0.48343448216406476,0.489528047152362,50.2,0.3497062937062937
