data,precision,recall,f1-score,support,specificity
LLE,0.6804468702029678,0.6474044795783926,0.5689945560533796,31.0,0.3497062937062937
TD,0.49568627450980396,0.5497062937062938,0.32606424060696926,19.2,0.3497062937062937
accuracy,0.47802907675865935,0.47802907675865935,0.47802907675865935,0.47802907675865935,0.3497062937062937
macro avg,0.5880665723563858,0.5985553866423432,0.44752939833017447,50.2,0.3497062937062937
weighted avg,0.7437423163541581,0.47802907675865935,0.4846196905198674,50.2,0.3497062937062937
