data,precision,recall,f1-score,support,specificity
LLE,0.7236904761904762,0.6701298701298701,0.6541681953446659,14.8,0.4324561403508772
TD,0.4947186147186147,0.6324561403508773,0.3997860962566845,9.0,0.4324561403508772
accuracy,0.5824338624338624,0.5824338624338624,0.5824338624338624,0.5824338624338624,0.4324561403508772
macro avg,0.6092045454545454,0.6512930052403736,0.5269771458006752,23.8,0.4324561403508772
weighted avg,0.7686566687280972,0.5824338624338624,0.6147211911917794,23.8,0.4324561403508772
