data,precision,recall,f1-score,support,specificity
LLE,0.6962732919254658,0.6721607378129117,0.6066398854287642,31.0,0.39316083916083916
TD,0.5263157894736843,0.5931608391608392,0.36084967320261435,19.2,0.39316083916083916
accuracy,0.5205735681234773,0.5205735681234773,0.5205735681234773,0.5205735681234773,0.39316083916083916
macro avg,0.6112945406995751,0.6326607884868755,0.4837447793156893,50.2,0.39316083916083916
weighted avg,0.765838277703069,0.5205735681234773,0.53026052262393,50.2,0.39316083916083916
