data,precision,recall,f1-score,support,specificity
LLE,0.6161725615285987,0.8393939393939395,0.610708072364381,31.0,0.05428571428571429
TD,0.7428571428571429,0.2542857142857143,0.08916666666666666,19.2,0.05428571428571429
accuracy,0.47220896857920447,0.47220896857920447,0.47220896857920447,0.47220896857920447,0.05428571428571429
macro avg,0.6795148521928708,0.5468398268398269,0.3499373695155238,50.2,0.05428571428571429
weighted avg,0.8028887531116673,0.47220896857920447,0.4083016351108991,50.2,0.05428571428571429
