data,precision,recall,f1-score,support,specificity
LLE,0.605130249867092,0.7636363636363637,0.561009634595351,31.0,0.07828571428571429
TD,0.6799999999999999,0.2782857142857143,0.09777777777777777,19.2,0.07828571428571429
accuracy,0.43291952239320663,0.43291952239320663,0.43291952239320663,0.43291952239320663,0.07828571428571429
macro avg,0.6425651249335459,0.520961038961039,0.32939370618656433,50.2,0.07828571428571429
weighted avg,0.7695124624865244,0.43291952239320663,0.37494815405533,50.2,0.07828571428571429
