data,precision,recall,f1-score,support,specificity
LLE,0.6956060606060606,0.5947957839262188,0.5360720742197589,31.0,0.39709090909090905
TD,0.4791208791208791,0.5970909090909091,0.33094314426874105,19.2,0.39709090909090905
accuracy,0.48455566604386935,0.48455566604386935,0.48455566604386935,0.48455566604386935,0.39709090909090905
macro avg,0.5873634698634699,0.595943346508564,0.4335076092442499,50.2,0.39709090909090905
weighted avg,0.7463278259648496,0.48455566604386935,0.48540640477496944,50.2,0.39709090909090905
