data,precision,recall,f1-score,support,specificity
LLE,0.698440065681445,0.5935836627140975,0.5400161583205957,31.0,0.4005454545454546
TD,0.4904509283819628,0.6005454545454545,0.3348148148148148,19.2,0.4005454545454546
accuracy,0.4754042608852046,0.4754042608852046,0.4754042608852046,0.4754042608852046,0.4005454545454546
macro avg,0.5944454970317039,0.597064558629776,0.43741548656770524,50.2,0.4005454545454546
weighted avg,0.7528467229262021,0.4754042608852046,0.4786910411242392,50.2,0.4005454545454546
