data,precision,recall,f1-score,support,specificity
LLE,0.7053366174055828,0.6166139657444005,0.5637486301838408,31.0,0.4085454545454546
TD,0.5056808134394342,0.6085454545454545,0.34942942942942945,19.2,0.4085454545454546
accuracy,0.4913917217002516,0.4913917217002516,0.4913917217002516,0.4913917217002516,0.4085454545454546
macro avg,0.6055087154225085,0.6125797101449275,0.4565890298066352,50.2,0.4085454545454546
weighted avg,0.7630261029331684,0.4913917217002516,0.49762484908611376,50.2,0.4085454545454546
