data,precision,recall,f1-score,support,specificity
LLE,0.6903300554559135,0.6761001317523057,0.5956821589205397,31.0,0.3646153846153847
TD,0.5285714285714286,0.5646153846153846,0.34179523141654977,19.2,0.3646153846153847
accuracy,0.5014953082103717,0.5014953082103717,0.5014953082103717,0.5014953082103717,0.3646153846153847
macro avg,0.6094507420136711,0.6203577581838451,0.46873869516854477,50.2,0.3646153846153847
weighted avg,0.763481723210446,0.5014953082103717,0.504793521736731,50.2,0.3646153846153847
