data,precision,recall,f1-score,support,specificity
LLE,0.6619877836972854,0.676429512516469,0.5184375644649617,31.0,0.21318681318681318
TD,0.5710144927536233,0.4131868131868132,0.17333333333333334,19.2,0.21318681318681318
accuracy,0.4214055005343571,0.4214055005343571,0.4214055005343571,0.4214055005343571,0.21318681318681318
macro avg,0.6165011382254544,0.544808162851641,0.3458854488991475,50.2,0.21318681318681318
weighted avg,0.7673620475191825,0.4214055005343571,0.36570492999004045,50.2,0.21318681318681318
