data,precision,recall,f1-score,support,specificity
LLE,0.6818015318015318,0.6880368906455863,0.6240563530037214,31.0,0.4273106893106893
TD,0.5332894736842105,0.6273106893106893,0.4348644338118023,19.2,0.4273106893106893
accuracy,0.5690924549363751,0.5690924549363751,0.5690924549363751,0.5690924549363751,0.4273106893106893
macro avg,0.6075455027428711,0.6576737899781377,0.5294603934077619,50.2,0.4273106893106893
weighted avg,0.7554143515940249,0.5690924549363751,0.6008729344754753,50.2,0.4273106893106893
