data,precision,recall,f1-score,support,specificity
LLE,0.7044514106583073,0.7297891963109354,0.6440536250889298,31.0,0.4163216783216783
TD,0.5972222222222222,0.6163216783216783,0.4465406645578004,19.2,0.4163216783216783
accuracy,0.5876922459499592,0.5876922459499592,0.5876922459499592,0.5876922459499592,0.4163216783216783
macro avg,0.6508368164402647,0.6730554373163069,0.5452971448233651,50.2,0.4163216783216783
weighted avg,0.7936090624830106,0.5876922459499592,0.6146518198617181,50.2,0.4163216783216783
