data,precision,recall,f1-score,support,specificity
LLE,0.6791269841269841,0.6366666666666666,0.5898575498575498,14.8,0.31271929824561406
TD,0.43666666666666665,0.512719298245614,0.28151404151404147,9.0,0.31271929824561406
accuracy,0.48312169312169306,0.48312169312169306,0.48312169312169306,0.48312169312169306,0.31271929824561406
macro avg,0.5578968253968254,0.5746929824561404,0.4356857956857957,23.8,0.31271929824561406
weighted avg,0.7246560846560846,0.48312169312169306,0.5041324107990774,23.8,0.31271929824561406
