data,precision,recall,f1-score,support,specificity
LLE,0.7099122807017544,0.7829487179487179,0.7336258336258336,16.6,0.6404269005847952
TD,0.7661616161616162,0.6404269005847953,0.6788309769784459,16.8,0.6404269005847952
accuracy,0.7289706723695708,0.7289706723695708,0.7289706723695708,0.7289706723695708,0.6404269005847952
macro avg,0.7380369484316852,0.7116878092667567,0.7062284053021397,33.4,0.6404269005847952
weighted avg,0.7507955629701872,0.7289706723695708,0.723488995661989,33.4,0.6404269005847952
