data,precision,recall,f1-score,support,specificity
LLE,0.7416103896103896,0.5819499341238472,0.5510591200913781,31.0,0.5084335664335665
TD,0.4965418894830659,0.7084335664335665,0.4149123315387861,19.2,0.5084335664335665
accuracy,0.5410274818623276,0.5410274818623276,0.5410274818623276,0.5410274818623276,0.5084335664335665
macro avg,0.6190761395467278,0.6451917502787068,0.48298572581508215,50.2,0.5084335664335665
weighted avg,0.7776004553253891,0.5410274818623276,0.547586849243902,50.2,0.5084335664335665
