data,precision,recall,f1-score,support,specificity
LLE,0.6476708722341851,0.6570092226613966,0.5696839390383335,31.0,0.32637762237762236
TD,0.4916666666666667,0.5263776223776223,0.3601965230536659,19.2,0.32637762237762236
accuracy,0.48935209751906666,0.48935209751906666,0.48935209751906666,0.48935209751906666,0.32637762237762236
macro avg,0.5696687694504259,0.5916934225195095,0.46494023104599974,50.2,0.32637762237762236
weighted avg,0.7195175290458017,0.48935209751906666,0.5158382878218027,50.2,0.32637762237762236
