data,precision,recall,f1-score,support,specificity
LLE,0.6574603174603174,0.7919047619047619,0.6414570073106658,14.8,0.07916666666666666
TD,0.4666666666666666,0.2791666666666667,0.2901960784313725,9.0,0.07916666666666666
accuracy,0.4912169312169312,0.4912169312169312,0.4912169312169312,0.4912169312169312,0.07916666666666666
macro avg,0.562063492063492,0.5355357142857142,0.4658265428710191,23.8,0.07916666666666666
weighted avg,0.7419153439153439,0.4912169312169312,0.5110256298778537,23.8,0.07916666666666666
