data,precision,recall,f1-score,support,specificity
LLE,0.6555555555555556,0.7823809523809524,0.6356498063815137,14.8,0.07916666666666666
TD,0.45714285714285713,0.2791666666666667,0.2850678733031674,9.0,0.07916666666666666
accuracy,0.4838095238095238,0.4838095238095238,0.4838095238095238,0.4838095238095238,0.07916666666666666
macro avg,0.5563492063492064,0.5307738095238095,0.4603588398423405,23.8,0.07916666666666666
weighted avg,0.7383174603174603,0.4838095238095238,0.5053693169044675,23.8,0.07916666666666666
