data,precision,recall,f1-score,support,specificity
LLE,0.6654929068401555,0.620456065673457,0.587308898458082,31.0,0.4101678321678322
TD,0.4742047930283224,0.6101678321678322,0.41187992452863026,19.2,0.4101678321678322
accuracy,0.5294137232431243,0.5294137232431243,0.5294137232431243,0.5294137232431243,0.4101678321678322
macro avg,0.5698488499342389,0.6153119489206447,0.4995944114933561,50.2,0.4101678321678322
weighted avg,0.7145164867803024,0.5294137232431243,0.5681544117052386,50.2,0.4101678321678322
