data,precision,recall,f1-score,support,specificity
LLE,0.6337896299974254,0.8398516616745114,0.6655559610376738,31.0,0.13636363636363635
TD,0.4,0.3363636363636363,0.5891764705882353,19.2,0.13636363636363635
accuracy,0.5445923843278122,0.5445923843278122,0.5445923843278122,0.5445923843278122,0.13636363636363635
macro avg,0.5168948149987127,0.5881076490190739,0.6273662158129545,50.2,0.13636363636363635
weighted avg,0.6689598578124588,0.5445923843278122,0.6752787385650796,50.2,0.13636363636363635
