data,precision,recall,f1-score,support,specificity
LLE,0.7234058101227913,0.7274308300395257,0.6551367631692175,31.0,0.4279400599400599
TD,0.5161616161616162,0.62794005994006,0.3774558666612639,19.2,0.4279400599400599
accuracy,0.6082441127813178,0.6082441127813178,0.6082441127813178,0.6082441127813178,0.4279400599400599
macro avg,0.6197837131422037,0.6776854449897929,0.5162963149152408,50.2,0.4279400599400599
weighted avg,0.7767139149016353,0.6082441127813178,0.6005893706146677,50.2,0.4279400599400599
