data,precision,recall,f1-score,support,specificity
LLE,0.5329323308270677,0.34448412698412695,0.37912716912716915,22.8,0.43292991837883477
TD,0.3887830687830688,0.6329299183788348,0.3862128146453089,11.6,0.43292991837883477
accuracy,0.45915387894288145,0.45915387894288145,0.45915387894288145,0.45915387894288145,0.43292991837883477
macro avg,0.46085769980506824,0.4887070226814808,0.382669991886239,34.4,0.43292991837883477
weighted avg,0.6052117705460012,0.45915387894288145,0.47549589463322806,34.4,0.43292991837883477
