data,precision,recall,f1-score,support,specificity
LLE,0.6702967563837129,0.9709523809523809,0.7646597305133891,14.8,0.07916666666666666
TD,0.7,0.2791666666666667,0.1035294117647059,9.0,0.07916666666666666
accuracy,0.6546031746031746,0.6546031746031746,0.6546031746031746,0.6546031746031746,0.07916666666666666
macro avg,0.6851483781918565,0.6250595238095238,0.4340945711390474,23.8,0.07916666666666666
weighted avg,0.8158448190870551,0.6546031746031746,0.5715828504350742,23.8,0.07916666666666666
