data,precision,recall,f1-score,support,specificity
LLE,0.7584761904761905,0.6818617614269789,0.64995585272813,31.0,0.5256023976023976
TD,0.5525621118012423,0.7256023976023976,0.47448020717721057,19.2,0.5256023976023976
accuracy,0.6024558133451056,0.6024558133451056,0.6024558133451056,0.6024558133451056,0.5256023976023976
macro avg,0.6555191511387164,0.7037320795146883,0.5622180299526702,50.2,0.5256023976023976
weighted avg,0.8022826849954601,0.6024558133451056,0.6240884858491426,50.2,0.5256023976023976
