data,precision,recall,f1-score,support,specificity
LLE,0.6356744258431712,0.6490645586297761,0.5513175523946543,31.0,0.3107292707292707
TD,0.4797619047619047,0.5107292707292708,0.32437332437332433,19.2,0.3107292707292707
accuracy,0.4825035561877667,0.4825035561877667,0.4825035561877667,0.4825035561877667,0.3107292707292707
macro avg,0.557718165302538,0.5798969146795233,0.43784543838398926,50.2,0.3107292707292707
weighted avg,0.7065343300331909,0.4825035561877667,0.4961340608651252,50.2,0.3107292707292707
