data,precision,recall,f1-score,support,specificity
LLE,0.6624638519375361,0.7654545454545454,0.6162877782692024,31.0,0.26826373626373623
TD,0.6266666666666667,0.46826373626373624,0.3081346423562412,19.2,0.26826373626373623
accuracy,0.5120039359603787,0.5120039359603787,0.5120039359603787,0.5120039359603787,0.26826373626373623
macro avg,0.6445652593021014,0.6168591408591408,0.46221121031272183,50.2,0.26826373626373623
weighted avg,0.7854736119264728,0.5120039359603787,0.4989121602661422,50.2,0.26826373626373623
