data,precision,recall,f1-score,support,specificity
LLE,0.6176009320740108,0.7890909090909091,0.6124151930188876,31.0,0.13462137862137863
TD,0.6023529411764705,0.33462137862137864,0.1933333333333333,19.2,0.13462137862137863
accuracy,0.4897968253685132,0.4897968253685132,0.4897968253685132,0.4897968253685132,0.13462137862137863
macro avg,0.6099769366252407,0.5618561438561438,0.4028742631761104,50.2,0.13462137862137863
weighted avg,0.7452063364378405,0.4897968253685132,0.47073546808129557,50.2,0.13462137862137863
