data,precision,recall,f1-score,support,specificity
LLE,0.671158705875687,0.8163636363636364,0.6546282018695811,31.0,0.22679720279720278
TD,0.7,0.42679720279720285,0.20592020592020588,19.2,0.22679720279720278
accuracy,0.5656871357415822,0.5656871357415822,0.5656871357415822,0.5656871357415822,0.22679720279720278
macro avg,0.6855793529378434,0.6215804195804197,0.4302742038948935,50.2,0.22679720279720278
weighted avg,0.8201534826692554,0.5656871357415822,0.5229766751454592,50.2,0.22679720279720278
