data,precision,recall,f1-score,support,specificity
LLE,0.7112309299596417,0.7639393939393939,0.6498172248149001,31.0,0.3866933066933067
TD,0.6626666666666667,0.5866933066933067,0.4159623591202538,19.2,0.3866933066933067
accuracy,0.5930323988400213,0.5930323988400213,0.5930323988400213,0.5930323988400213,0.3866933066933067
macro avg,0.6869487983131541,0.6753163503163503,0.532889791967577,50.2,0.3866933066933067
weighted avg,0.8268084761010517,0.5930323988400213,0.6028281413818443,50.2,0.3866933066933067
