data,precision,recall,f1-score,support,specificity
LLE,0.6472827305549242,0.8333333333333333,0.6662670662670662,31.0,0.19930069930069932
TD,0.7,0.3993006993006993,0.19528619528619529,19.2,0.19930069930069932
accuracy,0.5733646367040196,0.5733646367040196,0.5733646367040196,0.5733646367040196,0.19930069930069932
macro avg,0.6736413652774621,0.6163170163170163,0.43077663077663075,50.2,0.19930069930069932
weighted avg,0.8035462578321482,0.5733646367040196,0.5360047672449366,50.2,0.19930069930069932
