data,precision,recall,f1-score,support,specificity
LLE,0.6958631084554618,0.7409090909090909,0.6169533112390255,31.0,0.3637842157842158
TD,0.6603174603174603,0.5637842157842158,0.389074074074074,19.2,0.3637842157842158
accuracy,0.5684929939013423,0.5684929939013423,0.5684929939013423,0.5684929939013423,0.3637842157842158
macro avg,0.678090284386461,0.6523466533466534,0.5030136926565498,50.2,0.3637842157842158
weighted avg,0.8162370722786276,0.5684929939013423,0.5717894925739969,50.2,0.3637842157842158
