data,precision,recall,f1-score,support,specificity
LLE,0.6527950665686515,0.6060476394237626,0.4509006211180123,31.0,0.2981818181818182
TD,0.4580645161290323,0.4981818181818182,0.45447154471544715,19.2,0.2981818181818182
accuracy,0.3858879992819637,0.3858879992819637,0.3858879992819637,0.3858879992819637,0.2981818181818182
macro avg,0.555429791348842,0.5521147288027904,0.45268608291672974,50.2,0.2981818181818182
weighted avg,0.7003874420760645,0.3858879992819637,0.4463414782214322,50.2,0.2981818181818182
