data,precision,recall,f1-score,support,specificity
LLE,0.8176681425258275,0.6583806182037679,0.7116923076923076,31.0,0.5892255892255892
TD,0.45285714285714285,0.5892255892255893,0.6973544973544973,19.2,0.5892255892255892
accuracy,0.6830952249934714,0.6830952249934714,0.6830952249934714,0.6830952249934714,0.5892255892255892
macro avg,0.6352626426914851,0.6238031037146785,0.7045234025234025,50.2,0.5892255892255892
weighted avg,0.7278121679510645,0.6830952249934714,0.6989717190973532,50.2,0.5892255892255892
